"question","answer","url","page title","tier 1 position","tier 2 position","region","language","is AI overview?","AI overview URLs","AI overview page titles"
"cortinas roller, bandas verticale, venecianas, textil","","","","0","0"
"¿Cómo funcionan las cortinas de bandas verticales?","Estas bandas se deslizan suavemente hacia un lado, o desde el centro a los extremos, lo que te permite controlar la cantidad de luz que entra en tu espacio y la privacidad que deseas. Son una excelente opción para ventanas grandes y puertas corredizas, ya que su diseño vertical se adapta perfectamente a estas áreas.","https://www.cortinasizurieta.cl/blog/post/cortinas-roller-verticales.html#:~:text=Estas%20bandas%20se%20deslizan%20suavemente,adapta%20perfectamente%20a%20estas%20%C3%A1reas.","¿Cómo funcionan las cortinas roller verticales? - Blog","1","0","gb","en","0","",""
"¿Cortinas bandas verticales cómo se limpian?","Upgrade to Lite/Pro to unlock","Upgrade to Lite/Pro to unlock","Upgrade to Lite/Pro to unlock","1","1","gb","en","Upgrade to Lite/Pro to unlock","Upgrade to Lite/Pro to unlock","Upgrade to Lite/Pro to unlock"
"¿Cuáles son las ventajas y desventajas de las cortinas roller?","Upgrade to Lite/Pro to unlock","Upgrade to Lite/Pro to unlock","Upgrade to Lite/Pro to unlock","1","2","gb","en","Upgrade to Lite/Pro to unlock","Upgrade to Lite/Pro to unlock","Upgrade to Lite/Pro to unlock"
"¿Qué es mejor, roller o persiana?","Upgrade to Lite/Pro to unlock","Upgrade to Lite/Pro to unlock","Upgrade to Lite/Pro to unlock","1","3","gb","en","Upgrade to Lite/Pro to unlock","Upgrade to Lite/Pro to unlock","Upgrade to Lite/Pro to unlock"
"¿Se puede ver a través de las persianas verticales por la noche?","Upgrade to Lite/Pro to unlock","Upgrade to Lite/Pro to unlock","Upgrade to Lite/Pro to unlock","1","4","gb","en","Upgrade to Lite/Pro to unlock","Upgrade to Lite/Pro to unlock","Upgrade to Lite/Pro to unlock"
"¿Cuáles son los tipos de cortinas verticales?","Upgrade to Lite/Pro to unlock","Upgrade to Lite/Pro to unlock","Upgrade to Lite/Pro to unlock","1","5","gb","en","Upgrade to Lite/Pro to unlock","Upgrade to Lite/Pro to unlock","Upgrade to Lite/Pro to unlock"
"¿Cortinas roller cómo van puestas?","Upgrade to Lite/Pro to unlock","Upgrade to Lite/Pro to unlock","Upgrade to Lite/Pro to unlock","1","6","gb","en","Upgrade to Lite/Pro to unlock","Upgrade to Lite/Pro to unlock","Upgrade to Lite/Pro to unlock"
"¿Qué se usa ahora en vez de cortinas?","Upgrade to Lite/Pro to unlock","Upgrade to Lite/Pro to unlock","Upgrade to Lite/Pro to unlock","1","7","gb","en","Upgrade to Lite/Pro to unlock","Upgrade to Lite/Pro to unlock","Upgrade to Lite/Pro to unlock"
"¿Cómo poner las cortinas verticales?","Upgrade to Lite/Pro to unlock","Upgrade to Lite/Pro to unlock","Upgrade to Lite/Pro to unlock","1","8","gb","en","Upgrade to Lite/Pro to unlock","Upgrade to Lite/Pro to unlock","Upgrade to Lite/Pro to unlock"
"¿Cuál es el mejor material para cortinas roller?","Upgrade to Lite/Pro to unlock","Upgrade to Lite/Pro to unlock","Upgrade to Lite/Pro to unlock","2","0","gb","en","Upgrade to Lite/Pro to unlock","Upgrade to Lite/Pro to unlock","Upgrade to Lite/Pro to unlock"
"¿Cuántos años duran las cortinas roller?","Upgrade to Lite/Pro to unlock","Upgrade to Lite/Pro to unlock","Upgrade to Lite/Pro to unlock","2","1","gb","en","Upgrade to Lite/Pro to unlock","Upgrade to Lite/Pro to unlock","Upgrade to Lite/Pro to unlock"
"¿Cómo saber qué cortina roller comprar?","Upgrade to Lite/Pro to unlock","Upgrade to Lite/Pro to unlock","Upgrade to Lite/Pro to unlock","2","2","gb","en","Upgrade to Lite/Pro to unlock","Upgrade to Lite/Pro to unlock","Upgrade to Lite/Pro to unlock"
"¿Cuáles son los tipos de telas para cortinas roller?","Upgrade to Lite/Pro to unlock","Upgrade to Lite/Pro to unlock","Upgrade to Lite/Pro to unlock","2","3","gb","en","Upgrade to Lite/Pro to unlock","Upgrade to Lite/Pro to unlock","Upgrade to Lite/Pro to unlock"
"¿Qué se ve mejor, cortinas largas o cortas?","Upgrade to Lite/Pro to unlock","Upgrade to Lite/Pro to unlock","Upgrade to Lite/Pro to unlock","2","4","gb","en","Upgrade to Lite/Pro to unlock","Upgrade to Lite/Pro to unlock","Upgrade to Lite/Pro to unlock"
"¿Qué tela de cortina no se arruga?","Upgrade to Lite/Pro to unlock","Upgrade to Lite/Pro to unlock","Upgrade to Lite/Pro to unlock","2","5","gb","en","Upgrade to Lite/Pro to unlock","Upgrade to Lite/Pro to unlock","Upgrade to Lite/Pro to unlock"
"¿Cuál es la diferencia entre blackout y sun out?","Upgrade to Lite/Pro to unlock","Upgrade to Lite/Pro to unlock","Upgrade to Lite/Pro to unlock","2","6","gb","en","Upgrade to Lite/Pro to unlock","Upgrade to Lite/Pro to unlock","Upgrade to Lite/Pro to unlock"
"¿Cómo deben quedar las cortinas roller?","Upgrade to Lite/Pro to unlock","Upgrade to Lite/Pro to unlock","Upgrade to Lite/Pro to unlock","2","7","gb","en","Upgrade to Lite/Pro to unlock","Upgrade to Lite/Pro to unlock","Upgrade to Lite/Pro to unlock"
"¿Cuáles son las telas más resistentes?","Upgrade to Lite/Pro to unlock","Upgrade to Lite/Pro to unlock","Upgrade to Lite/Pro to unlock","2","8","gb","en","Upgrade to Lite/Pro to unlock","Upgrade to Lite/Pro to unlock","Upgrade to Lite/Pro to unlock"
"¿Cómo se llaman las cortinas que son como tiras?","Upgrade to Lite/Pro to unlock","Upgrade to Lite/Pro to unlock","Upgrade to Lite/Pro to unlock","3","0","gb","en","Upgrade to Lite/Pro to unlock","Upgrade to Lite/Pro to unlock","Upgrade to Lite/Pro to unlock"
"¿Cómo se llama la cortina que se recoge verticalmente?","Upgrade to Lite/Pro to unlock","Upgrade to Lite/Pro to unlock","Upgrade to Lite/Pro to unlock","3","1","gb","en","Upgrade to Lite/Pro to unlock","Upgrade to Lite/Pro to unlock","Upgrade to Lite/Pro to unlock"
"¿Qué tipos de cortinas roller hay?","Upgrade to Lite/Pro to unlock","Upgrade to Lite/Pro to unlock","Upgrade to Lite/Pro to unlock","3","2","gb","en","Upgrade to Lite/Pro to unlock","Upgrade to Lite/Pro to unlock","Upgrade to Lite/Pro to unlock"
"¿Cuáles son los tipos de cortinas verticales?","Upgrade to Lite/Pro to unlock","Upgrade to Lite/Pro to unlock","Upgrade to Lite/Pro to unlock","3","3","gb","en","Upgrade to Lite/Pro to unlock","Upgrade to Lite/Pro to unlock","Upgrade to Lite/Pro to unlock"
"¿Cuáles son los tres tipos de cortinas?","Upgrade to Lite/Pro to unlock","Upgrade to Lite/Pro to unlock","Upgrade to Lite/Pro to unlock","3","4","gb","en","Upgrade to Lite/Pro to unlock","Upgrade to Lite/Pro to unlock","Upgrade to Lite/Pro to unlock"
"¿Qué significa que una cortina roller sea duo?","Upgrade to Lite/Pro to unlock","Upgrade to Lite/Pro to unlock","Upgrade to Lite/Pro to unlock","3","5","gb","en","Upgrade to Lite/Pro to unlock","Upgrade to Lite/Pro to unlock","Upgrade to Lite/Pro to unlock"
"¿Están de moda las cortinas instaladas en el techo?","Upgrade to Lite/Pro to unlock","Upgrade to Lite/Pro to unlock","Upgrade to Lite/Pro to unlock","3","6","gb","en","Upgrade to Lite/Pro to unlock","Upgrade to Lite/Pro to unlock","Upgrade to Lite/Pro to unlock"
"¿Qué es mejor, roller o cortina?","Upgrade to Lite/Pro to unlock","Upgrade to Lite/Pro to unlock","Upgrade to Lite/Pro to unlock","3","7","gb","en","Upgrade to Lite/Pro to unlock","Upgrade to Lite/Pro to unlock","Upgrade to Lite/Pro to unlock"
"¿Cómo lograr que una ventana luzca impecable sin cortinas?","Upgrade to Lite/Pro to unlock","Upgrade to Lite/Pro to unlock","Upgrade to Lite/Pro to unlock","3","8","gb","en","Upgrade to Lite/Pro to unlock","Upgrade to Lite/Pro to unlock","Upgrade to Lite/Pro to unlock"
"¿Cuáles son las mejores marcas de cortinas?","Upgrade to Lite/Pro to unlock","Upgrade to Lite/Pro to unlock","Upgrade to Lite/Pro to unlock","4","0","gb","en","Upgrade to Lite/Pro to unlock","Upgrade to Lite/Pro to unlock","Upgrade to Lite/Pro to unlock"
"¿Cuántos años duran las cortinas roller?","Upgrade to Lite/Pro to unlock","Upgrade to Lite/Pro to unlock","Upgrade to Lite/Pro to unlock","4","1","gb","en","Upgrade to Lite/Pro to unlock","Upgrade to Lite/Pro to unlock","Upgrade to Lite/Pro to unlock"
"¿Qué se ve mejor, cortinas largas o cortas?","Upgrade to Lite/Pro to unlock","Upgrade to Lite/Pro to unlock","Upgrade to Lite/Pro to unlock","4","2","gb","en","Upgrade to Lite/Pro to unlock","Upgrade to Lite/Pro to unlock","Upgrade to Lite/Pro to unlock"
"¿Cuál es la tendencia actual en cortinas?","Upgrade to Lite/Pro to unlock","Upgrade to Lite/Pro to unlock","Upgrade to Lite/Pro to unlock","4","3","gb","en","Upgrade to Lite/Pro to unlock","Upgrade to Lite/Pro to unlock","Upgrade to Lite/Pro to unlock"
"¿Qué cortinas aislan mejor el frío?","Upgrade to Lite/Pro to unlock","Upgrade to Lite/Pro to unlock","Upgrade to Lite/Pro to unlock","4","4","gb","en","Upgrade to Lite/Pro to unlock","Upgrade to Lite/Pro to unlock","Upgrade to Lite/Pro to unlock"
"¿Qué hace que unas cortinas parezcan de alta gama?","Upgrade to Lite/Pro to unlock","Upgrade to Lite/Pro to unlock","Upgrade to Lite/Pro to unlock","4","5","gb","en","Upgrade to Lite/Pro to unlock","Upgrade to Lite/Pro to unlock","Upgrade to Lite/Pro to unlock"
"¿Qué color de cortinas es mejor?","Upgrade to Lite/Pro to unlock","Upgrade to Lite/Pro to unlock","Upgrade to Lite/Pro to unlock","4","6","gb","en","Upgrade to Lite/Pro to unlock","Upgrade to Lite/Pro to unlock","Upgrade to Lite/Pro to unlock"
"¿Cómo se llaman las cortinas que no dejan pasar el frío?","Upgrade to Lite/Pro to unlock","Upgrade to Lite/Pro to unlock","Upgrade to Lite/Pro to unlock","4","7","gb","en","Upgrade to Lite/Pro to unlock","Upgrade to Lite/Pro to unlock","Upgrade to Lite/Pro to unlock"
"¿Qué tipo de cortinas son las mejores?","Upgrade to Lite/Pro to unlock","Upgrade to Lite/Pro to unlock","Upgrade to Lite/Pro to unlock","4","8","gb","en","Upgrade to Lite/Pro to unlock","Upgrade to Lite/Pro to unlock","Upgrade to Lite/Pro to unlock"